"id","bundleId","bundleType","title","line","section","status","priority","uploadState","imageKind","href","products","tags","issueCodes"
"dr-hoodie-mainstream","print-dr-hoodie-mainstream","print","Kein Mainstream. Hoodie","Dr. Gray","men","In Vorbereitung","P2","uploaded","local","https://www.shirtee.com/de/store/drgray-mrsdrgray/","Unisex Hoodie | Zip Hoodie | Oversize Shirt","Herren | Techno | Backprint",""
"dr-shirt-raw","apparel-dr-shirt-raw","apparel","Treibend. Roh. Ehrlich. Tee","Dr. Gray","men","In Vorbereitung","P1","submitted","local","shop.html#herren-kollektion","Shirt | Longsleeve | Sleeveless","Herren | Peak Time | Statement",""
"dr-oversize-bass","accessory-dr-oversize-bass","accessory","Bass im Blut. Oversize","Dr. Gray","men","Geplant","P3","submitted","local","shop.html#herren-kollektion","Oversize Shirt | Heavy Hoodie | Cap","Herren | Oversize | Dark Gold",""
"dr-shirt-pressure","apparel-dr-shirt-pressure","apparel","Druck statt Deko","Dr. Gray","men","Geplant","P3","submitted","local","shop.html#herren-kollektion","Classic Tee | Longsleeve | Beanie","Herren | Underground | Clean",""
"dr-polo-nightshift","apparel-dr-polo-nightshift","apparel","Nightshift Polo","Dr. Gray","men","Geplant","P3","submitted","local","shop.html#herren-kollektion","Polo | Longsleeve Polo | Light Jacket","Herren | Polo | Smart Dark",""
"dr-shirtline-blackbook","apparel-dr-shirtline-blackbook","apparel","Blackbook Hemd","Dr. Gray","men","Konzept","P3","submitted","local","shop.html#herren-kollektion","Hemd | Overshirt | Light Shirt Jacket","Herren | Hemd | Clean",""
"dr-longsleeve-pressure","apparel-dr-longsleeve-pressure","apparel","Pressure Longsleeve","Dr. Gray","men","Geplant","P3","submitted","local","shop.html#herren-kollektion","Longsleeve | Heavy Longsleeve | Layer Tee","Herren | Longsleeve | Dark",""
"dr-zip-blackout","apparel-dr-zip-blackout","apparel","Blackout Zip Hoodie","Dr. Gray","men","Geplant","P3","submitted","local","shop.html#herren-kollektion","Zip Hoodie | Heavy Zip | Street Jacket","Herren | Zip | Street",""
"dr-tank-raver","apparel-dr-tank-raver","apparel","Old Dogs Better Raver Tank","Dr. Gray","men","Konzept","P3","submitted","local","shop.html#herren-kollektion","Tank Top | Sleeveless | Festival Fit","Herren | Tank | Statement",""
"dr-crew-pressuregrid","apparel-dr-crew-pressuregrid","apparel","Pressure Grid Crewneck","Dr. Gray","men","In Vorbereitung","P1","submitted","local","shop.html#herren-kollektion","Crewneck | Heavy Sweat | Layer Tee","Herren | Crewneck | Control",""
"dr-hoodie-controlroom","print-dr-hoodie-controlroom","print","Control Room Hoodie","Dr. Gray","men","Geplant","P3","submitted","local","shop.html#herren-kollektion","Heavy Hoodie | Zip Hoodie | Oversize Hoodie","Herren | Control | Backprint",""
"dr-tee-peak-pressure","apparel-dr-tee-peak-pressure","apparel","Peak Pressure Tee","Dr. Gray","men","Geplant","P3","submitted","local","shop.html#herren-kollektion","Classic Tee | Heavy Tee | Longsleeve","Herren | Peak Time | Druck",""
"dr-utility-jacket","apparel-dr-utility-jacket","apparel","Utility Night Jacket","Dr. Gray","men","Konzept","P3","submitted","local","shop.html#herren-kollektion","Light Jacket | Utility Overshirt | Coach Jacket","Herren | Jacket | Dark Utility",""
"dr-heavy-tee-industrial","apparel-dr-heavy-tee-industrial","apparel","Industrial Heavy Tee","Dr. Gray","men","Geplant","P3","submitted","local","shop.html#herren-kollektion","Heavy Tee | Longsleeve | Layer Tee","Herren | Heavy Tee | Technoid",""
"dr-polo-control-axis","apparel-dr-polo-control-axis","apparel","Control Axis Polo","Dr. Gray","men","In Vorbereitung","P2","submitted","local","shop.html#herren-kollektion","Polo | Longsleeve Polo | Smart Layer","Herren | Polo | Control",""
"dr-longsleeve-underground","apparel-dr-longsleeve-underground","apparel","Underground Signal Longsleeve","Dr. Gray","men","Geplant","P3","submitted","local","shop.html#herren-kollektion","Longsleeve | Heavy Longsleeve | Crewneck","Herren | Longsleeve | Underground",""
"dr-zip-subpressure","print-dr-zip-subpressure","print","Subpressure Zip","Dr. Gray","men","Geplant","P3","submitted","local","shop.html#herren-kollektion","Zip Hoodie | Heavy Zip | Street Jacket","Herren | Zip | Backprint",""
"dr-tee-mainfloor-ready","print-dr-tee-mainfloor-ready","print","Mainfloor Ready Tee","Dr. Gray","men","Uploadbereit","P1","submitted","local","shop.html#herren-kollektion","Unisex Tee | Premium Tee | Heavy Tee","Herren | Shirtee Ready | Frontprint",""
"dr-hoodie-pressure-ready","apparel-dr-hoodie-pressure-ready","apparel","Pressure Ready Hoodie","Dr. Gray","men","Uploadbereit","P1","submitted","local","shop.html#herren-kollektion","Unisex Hoodie | Zip Hoodie | Sweatshirt","Herren | Shirtee Ready | Hoodie",""
"dr-longsleeve-raw-ready","apparel-dr-longsleeve-raw-ready","apparel","Raw Signal Longsleeve","Dr. Gray","men","Uploadbereit","P1","submitted","local","shop.html#herren-kollektion","Longsleeve | Heavy Longsleeve | Layer Tee","Herren | Shirtee Ready | Longsleeve",""
"dr-polo-dark-ready","apparel-dr-polo-dark-ready","apparel","Darkline Polo Ready","Dr. Gray","men","Uploadbereit","P1","submitted","local","shop.html#herren-kollektion","Polo | Premium Polo | Light Jacket","Herren | Shirtee Ready | Polo",""
"dr-tee-keinmainstream-top","apparel-dr-tee-keinmainstream-top","apparel","Kein Mainstream Tee Top Upload","Dr. Gray","men","Top Upload","P3","submitted","local","shop.html#herren-kollektion","Unisex Tee | Premium Tee | Heavy Tee","Herren | Top Upload | Core",""
"dr-hoodie-control-top","apparel-dr-hoodie-control-top","apparel","Control Hoodie Top Upload","Dr. Gray","men","Top Upload","P3","submitted","local","shop.html#herren-kollektion","Unisex Hoodie | Zip Hoodie | Sweatshirt","Herren | Top Upload | Hoodie",""
"dr-longsleeve-pressure-top","apparel-dr-longsleeve-pressure-top","apparel","Pressure Longsleeve Top Upload","Dr. Gray","men","Top Upload","P3","submitted","local","shop.html#herren-kollektion","Longsleeve | Heavy Longsleeve | Layer Tee","Herren | Top Upload | Longsleeve",""
"dr-tee-bassline-top","apparel-dr-tee-bassline-top","apparel","Bassline Tee Top Upload","Dr. Gray","men","Top Upload","P3","submitted","local","shop.html#herren-kollektion","Unisex Tee | Heavy Tee | Premium Tee","Herren | Top Upload | Bassline",""
"dr-hoodie-nightshift-top","apparel-dr-hoodie-nightshift-top","apparel","Nightshift Hoodie Top Upload","Dr. Gray","men","Top Upload","P3","submitted","local","shop.html#herren-kollektion","Unisex Hoodie | Zip Hoodie | Sweatshirt","Herren | Top Upload | Nightshift",""
"dr-polo-axis-top","apparel-dr-polo-axis-top","apparel","Axis Polo Top Upload","Dr. Gray","men","Top Upload","P3","submitted","local","shop.html#herren-kollektion","Polo | Premium Polo | Longsleeve Polo","Herren | Top Upload | Polo",""
"mrs-crop-wild","apparel-mrs-crop-wild","apparel","Zu wild für leise. Crop","Mrs. Dr. Gray","women","Live im Store","P0","uploaded","local","https://www.shirtee.com/de/store/drgray-mrsdrgray/","Crop Shirt | Fitted Tee | Hoodie","Damen | Frech | Mrs.-Logo",""
"mrs-dress-liebe","apparel-mrs-dress-liebe","apparel","Liebe lauter. Kleid","Mrs. Dr. Gray","women","Geplant","P3","submitted","local","shop.html#damen-kollektion","Kleid | Shirt-Kleid | Oversize Tee","Damen | Kleider | Elegant",""
"mrs-hoodie-serious","apparel-mrs-hoodie-serious","apparel","Mrs. Dr. Gray Signature Hoodie","Mrs. Dr. Gray","women","Live im Store","P0","uploaded","local","https://www.shirtee.com/de/drgray-mrsdrgray/","Hoodie | Crop Hoodie | Tee","Damen | Signature | Logo First",""
"mrs-top-afterglow","apparel-mrs-top-afterglow","apparel","Zu echt für Plastik-Raves","Mrs. Dr. Gray","women","Geplant","P3","submitted","local","shop.html#damen-kollektion","Tank Top | Fitted Tee | Light Hoodie","Damen | Club | Attitude",""
"mrs-dress-midnight","apparel-mrs-dress-midnight","apparel","Midnight Cutout Dress","Mrs. Dr. Gray","women","Konzept","P3","submitted","local","shop.html#damen-kollektion","Kleid | Bodycon Dress | Event Look","Damen | Dress | Club",""
"mrs-polo-afterhours","apparel-mrs-polo-afterhours","apparel","Afterhours Polo","Mrs. Dr. Gray","women","Geplant","P3","submitted","local","shop.html#damen-kollektion","Polo | Fitted Shirt | Soft Layer","Damen | Polo | Elegant",""
"mrs-shirt-love-runs","apparel-mrs-shirt-love-runs","apparel","Liebe lauter Longsleeve","Mrs. Dr. Gray","women","Geplant","P3","submitted","local","shop.html#damen-kollektion","Longsleeve | Light Hoodie | Soft Tee","Damen | Longsleeve | Melodic",""
"mrs-crop-love","apparel-mrs-crop-love","apparel","Liebe lauter Crop","Mrs. Dr. Gray","women","Geplant","P3","submitted","local","shop.html#damen-kollektion","Crop Shirt | Soft Crop | Summer Top","Damen | Crop | Melodic",""
"mrs-hoodie-wild","apparel-mrs-hoodie-wild","apparel","Zu wild für leise Hoodie","Mrs. Dr. Gray","women","Priorität","P3","submitted","local","shop.html#damen-kollektion","Hoodie | Oversize Hoodie | Soft Zip","Damen | Hoodie | Frech",""
"mrs-shirt-signature","apparel-mrs-shirt-signature","apparel","Mrs. Dr. Gray Signature Tee","Mrs. Dr. Gray","women","Geplant","P3","submitted","local","shop.html#damen-kollektion","Tee | Fitted Tee | Clean Top","Damen | Signature | Minimal",""
"mrs-shirt-afterhour","apparel-mrs-shirt-afterhour","apparel","Afterhour Attitude Tee","Mrs. Dr. Gray","women","Konzept","P3","submitted","local","shop.html#damen-kollektion","Tee | Longsleeve | Layer Top","Damen | Afterhour | Attitude",""
"mrs-portrait-tee-bw","apparel-mrs-portrait-tee-bw","apparel","Mrs. Portrait BW Tee","Mrs. Dr. Gray","women","In Vorbereitung","P2","submitted","local","shop.html#damen-kollektion","Signature Tee | Crop Shirt | Soft Longsleeve","Damen | Portrait | Signature",""
"mrs-crop-playful-control","apparel-mrs-crop-playful-control","apparel","Playful Control Crop","Mrs. Dr. Gray","women","In Vorbereitung","P2","submitted","local","shop.html#damen-kollektion","Crop Shirt | Fitted Tee | Soft Hoodie","Damen | Crop | Mrs.-Fokus",""
"mrs-bodysuit-signal","apparel-mrs-bodysuit-signal","apparel","Signal Bodysuit","Mrs. Dr. Gray","women","Geplant","P3","submitted","local","shop.html#damen-kollektion","Bodysuit | Fitted Top | Club Layer","Damen | Bodysuit | Mrs.-Logo",""
"mrs-zip-command","apparel-mrs-zip-command","apparel","Command Zip Hoodie","Mrs. Dr. Gray","women","Geplant","P3","submitted","local","shop.html#damen-kollektion","Zip Hoodie | Crop Zip | Soft Oversize","Damen | Zip | Selbstbewusst",""
"mrs-tee-clubqueen","apparel-mrs-tee-clubqueen","apparel","Club Queen Signature Tee","Mrs. Dr. Gray","women","In Vorbereitung","P2","submitted","local","shop.html#damen-kollektion","Signature Tee | Fitted Tee | Light Longsleeve","Damen | Signature | Club",""
"mrs-crop-nightpulse","apparel-mrs-crop-nightpulse","apparel","Night Pulse Crop","Mrs. Dr. Gray","women","Geplant","P3","submitted","local","shop.html#damen-kollektion","Crop Shirt | Soft Crop | Fitted Tee","Damen | Crop | Nightlife",""
"mrs-longsleeve-command","apparel-mrs-longsleeve-command","apparel","Command Longsleeve","Mrs. Dr. Gray","women","In Vorbereitung","P2","submitted","local","shop.html#damen-kollektion","Longsleeve | Soft Hoodie | Layer Top","Damen | Longsleeve | Command",""
"mrs-tee-heartline","apparel-mrs-tee-heartline","apparel","Heartline Signature Tee","Mrs. Dr. Gray","women","Geplant","P3","submitted","local","shop.html#damen-kollektion","Signature Tee | Fitted Tee | Crop Shirt","Damen | Signature | Heartline",""
"mrs-dress-afterset","apparel-mrs-dress-afterset","apparel","Afterset Dress","Mrs. Dr. Gray","women","Konzept","P3","submitted","local","shop.html#damen-kollektion","Shirt Dress | Bodycon Dress | Event Fit","Damen | Dress | Event",""
"mrs-crop-signature-ready","apparel-mrs-crop-signature-ready","apparel","Signature Crop Ready","Mrs. Dr. Gray","women","Uploadbereit","P1","submitted","local","shop.html#damen-kollektion","Ladies Crop | Fitted Tee | Soft Crop","Damen | Shirtee Ready | Mrs.-Fokus",""
"mrs-tee-wild-ready","apparel-mrs-tee-wild-ready","apparel","Wild Ready Tee","Mrs. Dr. Gray","women","Uploadbereit","P1","submitted","local","shop.html#damen-kollektion","Ladies Tee | Fitted Tee | Longsleeve","Damen | Shirtee Ready | Attitude",""
"mrs-hoodie-core-ready","apparel-mrs-hoodie-core-ready","apparel","Core Hoodie Ready","Mrs. Dr. Gray","women","Uploadbereit","P1","submitted","local","shop.html#damen-kollektion","Ladies Hoodie | Unisex Hoodie | Zip Hoodie","Damen | Shirtee Ready | Hoodie",""
"mrs-longsleeve-love-ready","apparel-mrs-longsleeve-love-ready","apparel","Loveline Longsleeve Ready","Mrs. Dr. Gray","women","Uploadbereit","P1","submitted","local","shop.html#damen-kollektion","Ladies Longsleeve | Fitted Longsleeve | Soft Hoodie","Damen | Shirtee Ready | Longsleeve",""
"mrs-crop-wild-top","apparel-mrs-crop-wild-top","apparel","Zu wild Crop Top Upload","Mrs. Dr. Gray","women","Top Upload","P3","submitted","local","shop.html#damen-kollektion","Ladies Crop | Fitted Tee | Soft Crop","Damen | Top Upload | Crop",""
"mrs-tee-signature-top","apparel-mrs-tee-signature-top","apparel","Signature Tee Top Upload","Mrs. Dr. Gray","women","Top Upload","P3","submitted","local","shop.html#damen-kollektion","Ladies Tee | Fitted Tee | Ladies Longsleeve","Damen | Top Upload | Signature",""
"mrs-hoodie-love-top","apparel-mrs-hoodie-love-top","apparel","Liebe lauter Hoodie Top Upload","Mrs. Dr. Gray","women","Top Upload","P3","submitted","local","shop.html#damen-kollektion","Ladies Hoodie | Unisex Hoodie | Zip Hoodie","Damen | Top Upload | Hoodie",""
"mrs-crop-heartline-top","apparel-mrs-crop-heartline-top","apparel","Heartline Crop Top Upload","Mrs. Dr. Gray","women","Top Upload","P3","submitted","local","shop.html#damen-kollektion","Ladies Crop | Fitted Tee | Soft Crop","Damen | Top Upload | Heartline",""
"mrs-tee-afterhour-top","apparel-mrs-tee-afterhour-top","apparel","Afterhour Tee Top Upload","Mrs. Dr. Gray","women","Top Upload","P3","submitted","local","shop.html#damen-kollektion","Ladies Tee | Fitted Tee | Ladies Longsleeve","Damen | Top Upload | Afterhour",""
"mrs-hoodie-command-top","apparel-mrs-hoodie-command-top","apparel","Command Hoodie Top Upload","Mrs. Dr. Gray","women","Top Upload","P3","submitted","local","shop.html#damen-kollektion","Ladies Hoodie | Unisex Hoodie | Zip Hoodie","Damen | Top Upload | Command",""
"couple-hoodie-beat","apparel-couple-hoodie-beat","apparel","Couple in Love mit dem Beat","Couple Edition","couple","Priorität","P3","submitted","local","shop.html#couple-edition","Hoodie Set | Shirt Set | Poster","Couple | Duo | Symmetrisch",""
"couple-set-rhythm","apparel-couple-set-rhythm","apparel","Two Hearts. One Rhythm.","Couple Edition","couple","Geplant","P3","submitted","local","shop.html#couple-edition","Shirt Set | Longsleeve Set | Tote Pair","Couple | Melodic | Set",""
"couple-set-vibe","accessory-couple-set-vibe","accessory","His Beat. Her Vibe.","Couple Edition","couple","Geplant","P3","submitted","local","shop.html#couple-edition","2er Shirt Set | 2er Hoodie Set | Couple Cap","Couple | Attitude | Limited",""
"couple-shirt-set","bundle-couple-shirt-set","bundle","Two Souls. One Drop.","Couple Edition","couple","Konzept","P3","submitted","local","shop.html#couple-edition","Shirt Set | Longsleeve Set | Event Bundle","Couple | Set | Story",""
"couple-hoodie-rhythm","apparel-couple-hoodie-rhythm","apparel","Two Hearts. One Rhythm. Hoodie","Couple Edition","couple","Priorität","P3","submitted","local","shop.html#couple-edition","Hoodie Set | Couple Hoodie | Gift Set","Couple | Hoodie | Melodic",""
"couple-longsleeve-love","apparel-couple-longsleeve-love","apparel","No Fake Love Longsleeve Set","Couple Edition","couple","Konzept","P3","submitted","local","shop.html#couple-edition","Longsleeve Set | Tee Set | Dark Drop","Couple | Longsleeve | Dark",""
"couple-rainproof-tee","apparel-couple-rainproof-tee","apparel","Rainproof Couple Tee","Couple Edition","couple","Priorität","P1","submitted","local","shop.html#couple-edition","Couple Tee Set | Couple Hoodie | Night Edition","Couple | Rain Neon | Night Drop",""
"couple-daylight-hoodie","bundle-couple-daylight-hoodie","bundle","Daylight Duo Hoodie","Couple Edition","couple","In Vorbereitung","P1","submitted","local","shop.html#couple-edition","Hoodie Set | Crewneck Set | Casual Bundle","Couple | Clean | Lifestyle",""
"couple-equal-heights-tee","apparel-couple-equal-heights-tee","apparel","Equal Heights Couple Tee","Couple Edition","couple","Geplant","P3","submitted","local","shop.html#couple-edition","2er Tee Set | 2er Longsleeve Set | Event Duo Pack","Couple | Symmetrie | Logo-Höhe",""
"couple-b2b-tee-set","apparel-couple-b2b-tee-set","apparel","B2B Couple Tee Set","Couple Edition","couple","Geplant","P3","submitted","local","shop.html#couple-edition","2er Tee Set | 2er Hoodie Set | 2er Longsleeve Set","Couple | B2B | Symmetrie",""
"couple-split-signal-hoodie","bundle-couple-split-signal-hoodie","bundle","Split Signal Hoodie Set","Couple Edition","couple","In Vorbereitung","P2","submitted","local","shop.html#couple-edition","Hoodie Set | Crewneck Set | Night Bundle","Couple | Hoodie | Signal",""
"couple-vows-techno-crew","apparel-couple-vows-techno-crew","apparel","Vows over Noise Crew Set","Couple Edition","couple","Konzept","P3","submitted","local","shop.html#couple-edition","Crewneck Set | Longsleeve Set | Event Duo Pack","Couple | Crewneck | Underground Love",""
"couple-tee-synchronized","apparel-couple-tee-synchronized","apparel","Synchronized Couple Tee","Couple Edition","couple","Geplant","P3","submitted","local","shop.html#couple-edition","2er Tee Set | 2er Longsleeve Set | Couple Pack","Couple | Symmetrie | Tee Set",""
"couple-hoodie-nightvows","bundle-couple-hoodie-nightvows","bundle","Night Vows Hoodie Set","Couple Edition","couple","In Vorbereitung","P2","submitted","local","shop.html#couple-edition","Hoodie Set | Heavy Hoodie Set | Night Bundle","Couple | Hoodie | Night Drop",""
"couple-longsleeve-equaltempo","apparel-couple-longsleeve-equaltempo","apparel","Equal Tempo Longsleeve Set","Couple Edition","couple","Geplant","P3","submitted","local","shop.html#couple-edition","Longsleeve Set | Tee Set | Crew Set","Couple | Longsleeve | Equal",""
"couple-crew-echopair","apparel-couple-crew-echopair","apparel","Echo Pair Crewneck","Couple Edition","couple","Konzept","P3","submitted","local","shop.html#couple-edition","Crewneck Set | Sweat Set | Gift Duo","Couple | Crewneck | Duo",""
"couple-tee-vows-ready","apparel-couple-tee-vows-ready","apparel","Vows Tee Set Ready","Couple Edition","couple","Uploadbereit","P1","submitted","local","shop.html#couple-edition","2x Unisex Tee | 2x Premium Tee | 2x Longsleeve","Couple | Shirtee Ready | Tee Set",""
"couple-hoodie-equal-ready","apparel-couple-hoodie-equal-ready","apparel","Equal Hoodie Set Ready","Couple Edition","couple","Uploadbereit","P1","submitted","local","shop.html#couple-edition","2x Unisex Hoodie | 2x Zip Hoodie | 2x Sweatshirt","Couple | Shirtee Ready | Hoodie Set",""
"couple-longsleeve-b2b-ready","apparel-couple-longsleeve-b2b-ready","apparel","B2B Longsleeve Set Ready","Couple Edition","couple","Uploadbereit","P1","submitted","local","shop.html#couple-edition","2x Longsleeve | 2x Heavy Longsleeve | 2x Tee","Couple | Shirtee Ready | Longsleeve Set",""
"couple-sweat-rhythm-ready","apparel-couple-sweat-rhythm-ready","apparel","Rhythm Sweat Set Ready","Couple Edition","couple","Uploadbereit","P1","submitted","local","shop.html#couple-edition","2x Sweatshirt | 2x Crewneck | 2x Hoodie","Couple | Shirtee Ready | Sweat Set",""
"couple-tee-beat-top","apparel-couple-tee-beat-top","apparel","Couple in Love Tee Set Top Upload","Couple Edition","couple","Top Upload","P3","submitted","local","shop.html#couple-edition","2x Unisex Tee | 2x Premium Tee | 2x Longsleeve","Couple | Top Upload | Tee Set",""
"couple-hoodie-rhythm-top","apparel-couple-hoodie-rhythm-top","apparel","Rhythm Hoodie Set Top Upload","Couple Edition","couple","Top Upload","P3","submitted","local","shop.html#couple-edition","2x Unisex Hoodie | 2x Zip Hoodie | 2x Sweatshirt","Couple | Top Upload | Hoodie Set",""
"couple-longsleeve-vibe-top","apparel-couple-longsleeve-vibe-top","apparel","His Beat Her Vibe Top Upload","Couple Edition","couple","Top Upload","P3","submitted","local","shop.html#couple-edition","2x Longsleeve | 2x Heavy Longsleeve | 2x Tee","Couple | Top Upload | Longsleeve Set",""
"couple-tee-rainline-top","apparel-couple-tee-rainline-top","apparel","Rainline Tee Set Top Upload","Couple Edition","couple","Top Upload","P3","submitted","local","shop.html#couple-edition","2x Unisex Tee | 2x Premium Tee | 2x Heavy Tee","Couple | Top Upload | Rainline",""
"couple-hoodie-echoline-top","apparel-couple-hoodie-echoline-top","apparel","Echoline Hoodie Set Top Upload","Couple Edition","couple","Top Upload","P3","submitted","local","shop.html#couple-edition","2x Unisex Hoodie | 2x Zip Hoodie | 2x Sweatshirt","Couple | Top Upload | Echoline",""
"couple-sweat-daylight-top","apparel-couple-sweat-daylight-top","apparel","Daylight Sweat Set Top Upload","Couple Edition","couple","Top Upload","P3","submitted","local","shop.html#couple-edition","2x Sweatshirt | 2x Crewneck | 2x Hoodie","Couple | Top Upload | Daylight",""
"unisex-shirt-dual","print-unisex-shirt-dual","print","Techno mit Herz. Unisex Tee","Unisex","unisex","Priorität","P3","submitted","local","shop.html#unisex-drop","Unisex Tee | Unisex Hoodie | Longsleeve","Unisex | Backprint Wahl | Core",""
"unisex-hoodie-switch","apparel-unisex-hoodie-switch","apparel","Front Dual Logo, Rücken frei wählbar","Unisex","unisex","Geplant","P3","submitted","local","shop.html#unisex-drop","Hoodie | Heavy Tee | Zip Hoodie","Unisex | Wahlmotiv | Flexible Serie",""
"unisex-shirt-core","print-unisex-shirt-core","print","Core Shirt mit Backprint-Wahl","Unisex","unisex","Geplant","P3","submitted","local","shop.html#unisex-drop","Heavy Tee | Classic Tee | Longsleeve","Unisex | Core | Choice",""
"unisex-sweat-core","apparel-unisex-sweat-core","apparel","Techno mit Herz Sweatshirt","Unisex","unisex","Geplant","P3","submitted","local","shop.html#unisex-drop","Sweatshirt | Heavy Sweat | Crewneck","Unisex | Sweatshirt | Core",""
"unisex-polo-duo","apparel-unisex-polo-duo","apparel","Duo Polo","Unisex","unisex","Konzept","P3","submitted","local","shop.html#unisex-drop","Polo | Light Longsleeve | Layer Piece","Unisex | Polo | Dark Smart",""
"unisex-daylight-hoodie","print-unisex-daylight-hoodie","print","Daylight Unisex Hoodie","Unisex","unisex","In Vorbereitung","P1","submitted","local","shop.html#unisex-drop","Unisex Hoodie | Unisex Tee | Crewneck","Unisex | Backprint Wahl | Lifestyle",""
"unisex-backline-core","print-unisex-backline-core","print","Backline Core Longsleeve","Unisex","unisex","Geplant","P3","submitted","local","shop.html#unisex-drop","Longsleeve | Heavy Tee | Light Crew","Unisex | Backprint Wahl | Clean",""
"unisex-oversize-nightcode","print-unisex-oversize-nightcode","print","Nightcode Oversize Tee","Unisex","unisex","Geplant","P3","submitted","local","shop.html#unisex-drop","Oversize Tee | Heavy Tee | Light Hoodie","Unisex | Oversize | Backprint Wahl",""
"unisex-zip-pairmode","apparel-unisex-zip-pairmode","apparel","Pair Mode Zip","Unisex","unisex","In Vorbereitung","P2","submitted","local","shop.html#unisex-drop","Zip Hoodie | Heavy Zip | Street Layer","Unisex | Zip | Flexible Serie",""
"unisex-tee-sharedpulse","apparel-unisex-tee-sharedpulse","apparel","Shared Pulse Tee","Unisex","unisex","Geplant","P3","submitted","local","shop.html#unisex-drop","Classic Tee | Longsleeve | Crewneck","Unisex | Core | Community",""
"unisex-heavytee-coreloop","apparel-unisex-heavytee-coreloop","apparel","Coreloop Heavy Tee","Unisex","unisex","Geplant","P3","submitted","local","shop.html#unisex-drop","Heavy Tee | Classic Tee | Longsleeve","Unisex | Heavy Tee | Choice",""
"unisex-crew-switchline","print-unisex-crew-switchline","print","Switchline Crewneck","Unisex","unisex","In Vorbereitung","P2","submitted","local","shop.html#unisex-drop","Crewneck | Heavy Sweat | Light Layer","Unisex | Crewneck | Backprint Wahl",""
"unisex-longsleeve-duallabel","apparel-unisex-longsleeve-duallabel","apparel","Dual Label Longsleeve","Unisex","unisex","Geplant","P3","submitted","local","shop.html#unisex-drop","Longsleeve | Heavy Longsleeve | Layer Tee","Unisex | Longsleeve | Core",""
"unisex-hoodie-midnightchoice","apparel-unisex-hoodie-midnightchoice","apparel","Midnight Choice Hoodie","Unisex","unisex","Geplant","P3","submitted","local","shop.html#unisex-drop","Unisex Hoodie | Zip Hoodie | Crewneck","Unisex | Hoodie | Flexible Serie",""
"unisex-tee-choice-ready","print-unisex-tee-choice-ready","print","Choice Tee Ready","Unisex","unisex","Uploadbereit","P1","submitted","local","shop.html#unisex-drop","Unisex Tee | Premium Tee | Heavy Tee","Unisex | Shirtee Ready | Backprint Wahl",""
"unisex-hoodie-choice-ready","apparel-unisex-hoodie-choice-ready","apparel","Choice Hoodie Ready","Unisex","unisex","Uploadbereit","P1","submitted","local","shop.html#unisex-drop","Unisex Hoodie | Zip Hoodie | Sweatshirt","Unisex | Shirtee Ready | Hoodie",""
"unisex-longsleeve-choice-ready","apparel-unisex-longsleeve-choice-ready","apparel","Choice Longsleeve Ready","Unisex","unisex","Uploadbereit","P1","submitted","local","shop.html#unisex-drop","Longsleeve | Heavy Longsleeve | Layer Tee","Unisex | Shirtee Ready | Longsleeve",""
"unisex-tee-core-top","print-unisex-tee-core-top","print","Core Tee Top Upload","Unisex","unisex","Top Upload","P3","submitted","local","shop.html#unisex-drop","Unisex Tee | Premium Tee | Heavy Tee","Unisex | Top Upload | Backprint Wahl",""
"unisex-hoodie-core-top","apparel-unisex-hoodie-core-top","apparel","Core Hoodie Top Upload","Unisex","unisex","Top Upload","P3","submitted","local","shop.html#unisex-drop","Unisex Hoodie | Zip Hoodie | Sweatshirt","Unisex | Top Upload | Hoodie",""
"unisex-longsleeve-core-top","apparel-unisex-longsleeve-core-top","apparel","Core Longsleeve Top Upload","Unisex","unisex","Top Upload","P3","submitted","local","shop.html#unisex-drop","Longsleeve | Heavy Longsleeve | Layer Tee","Unisex | Top Upload | Longsleeve",""
"unisex-tee-switch-top","apparel-unisex-tee-switch-top","apparel","Switch Tee Top Upload","Unisex","unisex","Top Upload","P3","submitted","local","shop.html#unisex-drop","Unisex Tee | Premium Tee | Heavy Tee","Unisex | Top Upload | Switch",""
"unisex-hoodie-switch-top","apparel-unisex-hoodie-switch-top","apparel","Switch Hoodie Top Upload","Unisex","unisex","Top Upload","P3","submitted","local","shop.html#unisex-drop","Unisex Hoodie | Zip Hoodie | Sweatshirt","Unisex | Top Upload | Switch",""
"unisex-crew-core-top","apparel-unisex-crew-core-top","apparel","Core Crewneck Top Upload","Unisex","unisex","Top Upload","P3","submitted","local","shop.html#unisex-drop","Crewneck | Heavy Sweat | Sweatshirt","Unisex | Top Upload | Crewneck",""
"accessory-tote-techno","accessory-accessory-tote-techno","accessory","Techno mit Herz Tote Bag","Accessories","accessories","Geplant","P3","submitted","local","shop.html#accessoires","Tote Bag | Stoffbeutel | Gym Bag","Accessoire | Bag | Logo",""
"accessory-cap-gray","accessory-accessory-cap-gray","accessory","Dr. Gray Cap","Accessories","accessories","Geplant","P3","submitted","local","shop.html#accessoires","Cap | Snapback | Beanie","Accessoire | Cap | Herren",""
"accessory-cap-retro","accessory-accessory-cap-retro","accessory","Retro Duo Cap","Accessories","accessories","In Vorbereitung","P1","submitted","local","shop.html#accessoires","Retro Cap | Dad Cap | Snapback","Accessoire | Cap | Retro",""
"accessory-mug-mrs","sticker-accessory-mug-mrs","sticker","Mrs. Dr. Gray Mug","Accessories","accessories","Geplant","P3","submitted","local","shop.html#accessoires","Tasse | Sticker | Handyhülle","Accessoire | Gift | Mrs.",""
"accessory-bag-club","accessory-accessory-bag-club","accessory","Clubnight Bag","Accessories","accessories","Konzept","P3","submitted","local","shop.html#accessoires","Weekender | Tasche | Stoffbeutel","Accessoire | Bag | Nightlife",""
"accessory-beanie-dark","accessory-accessory-beanie-dark","accessory","Darkline Beanie","Accessories","accessories","Geplant","P3","submitted","local","shop.html#accessoires","Beanie | Fischermütze | Winter Cap","Accessoire | Beanie | Winter",""
"accessory-phonecase-duo","sticker-accessory-phonecase-duo","sticker","Duo Phone Case","Accessories","accessories","Konzept","P3","submitted","local","shop.html#accessoires","Handyhülle | Sticker Pack | Mini Gift","Accessoire | Phone Case | Gift",""
"accessory-poster-set","print-accessory-poster-set","print","Poster & Print Set","Accessories","accessories","Konzept","P3","submitted","local","shop.html#accessoires","Poster | Art Print | Canvas","Accessoire | Poster | Visual",""
"accessory-rainline-poster","accessory-accessory-rainline-poster","accessory","Rainline Poster Drop","Accessories","accessories","In Vorbereitung","P1","submitted","local","shop.html#accessoires","Poster | Artcard | Signed Print","Accessoire | Poster | Limited",""
"accessory-gymbag-pressure","accessory-accessory-gymbag-pressure","accessory","Pressure Gym Bag","Accessories","accessories","Geplant","P3","submitted","local","shop.html#accessoires","Gym Bag | Drawstring Bag | Mini Weekender","Accessoire | Bag | Utility",""
"accessory-lanyard-nightpass","accessory-accessory-lanyard-nightpass","accessory","Nightpass Lanyard","Accessories","accessories","Konzept","P3","submitted","local","shop.html#accessoires","Lanyard | Key Strap | Pass Holder","Accessoire | Lanyard | Event",""
"accessory-sticker-nightcode","sticker-accessory-sticker-nightcode","sticker","Nightcode Sticker Pack","Accessories","accessories","Geplant","P3","submitted","local","shop.html#accessoires","Sticker Pack | Mini Print Set | Promo Bundle","Accessoire | Sticker | Bundle",""
"accessory-pinset-couple","accessory-accessory-pinset-couple","accessory","Couple Pin Set","Accessories","accessories","Konzept","P3","submitted","local","shop.html#accessoires","Pin Set | Badge Set | Collector Pack","Accessoire | Pin | Couple",""
"accessory-tote-nightline","accessory-accessory-tote-nightline","accessory","Nightline Tote","Accessories","accessories","Geplant","P3","submitted","local","shop.html#accessoires","Tote Bag | Canvas Tote | Daily Bag","Accessoire | Tote | Daily",""
"accessory-cap-duallogo","accessory-accessory-cap-duallogo","accessory","Dual Logo Snap Cap","Accessories","accessories","In Vorbereitung","P2","submitted","local","shop.html#accessoires","Snapback | Dad Cap | Retro Cap","Accessoire | Cap | Dual",""
"accessory-mug-couplepulse","bundle-accessory-mug-couplepulse","bundle","Couple Pulse Mug Set","Accessories","accessories","Geplant","P3","submitted","local","shop.html#accessoires","Mug | Duo Mug Set | Gift Bundle","Accessoire | Mug | Couple",""
"accessory-poster-citygrid","accessory-accessory-poster-citygrid","accessory","City Grid Poster","Accessories","accessories","Konzept","P3","submitted","local","shop.html#accessoires","Poster | Art Print | Canvas Print","Accessoire | Poster | Visual",""
"accessory-tote-ready","accessory-accessory-tote-ready","accessory","Core Tote Ready","Accessories","accessories","Uploadbereit","P1","submitted","local","shop.html#accessoires","Tote Bag | Organic Tote | Canvas Tote","Accessoire | Shirtee Ready | Tote",""
"accessory-mug-ready","accessory-accessory-mug-ready","accessory","Core Mug Ready","Accessories","accessories","Uploadbereit","P1","submitted","local","shop.html#accessoires","Mug | Enamel Mug | Gift Set","Accessoire | Shirtee Ready | Mug",""
"accessory-poster-ready","accessory-accessory-poster-ready","accessory","Night Poster Ready","Accessories","accessories","Uploadbereit","P1","submitted","local","shop.html#accessoires","Poster | Art Print | Canvas Print","Accessoire | Shirtee Ready | Poster",""
"accessory-tote-top","accessory-accessory-tote-top","accessory","Core Tote Top Upload","Accessories","accessories","Top Upload","P3","submitted","local","shop.html#accessoires","Tote Bag | Organic Tote | Canvas Tote","Accessoire | Top Upload | Tote",""
"accessory-cap-top","accessory-accessory-cap-top","accessory","Snap Cap Top Upload","Accessories","accessories","Top Upload","P3","submitted","local","shop.html#accessoires","Snapback | Dad Cap | Retro Cap","Accessoire | Top Upload | Cap",""
"accessory-mug-top","accessory-accessory-mug-top","accessory","Core Mug Top Upload","Accessories","accessories","Top Upload","P3","submitted","local","shop.html#accessoires","Mug | Enamel Mug | Gift Set","Accessoire | Top Upload | Mug",""
"accessory-poster-neon-top","accessory-accessory-poster-neon-top","accessory","Neon Poster Top Upload","Accessories","accessories","Top Upload","P3","submitted","local","shop.html#accessoires","Poster | Art Print | Canvas Print","Accessoire | Top Upload | Poster",""
"accessory-phonecase-core-top","accessory-accessory-phonecase-core-top","accessory","Core Phone Case Top Upload","Accessories","accessories","Top Upload","P3","submitted","local","shop.html#accessoires","Phone Case | MagSafe Case | Gift Set","Accessoire | Top Upload | Phone Case",""
"accessory-sticker-core-top","sticker-accessory-sticker-core-top","sticker","Core Sticker Pack Top Upload","Accessories","accessories","Top Upload","P3","submitted","local","shop.html#accessoires","Sticker Pack | Mini Sticker Set | Promo Bundle","Accessoire | Top Upload | Sticker",""
"dr-tank-mainfloor-top","apparel-dr-tank-mainfloor-top","apparel","Mainfloor Tank Top Upload","Dr. Gray","men","Top Upload","P3","submitted","local","shop.html#herren-kollektion","Tank Top | Sleeveless | Festival Fit","Herren | Top Upload | Tank",""
"dr-shirt-controlgrid-upload","apparel-dr-shirt-controlgrid-upload","apparel","Control Grid Tee Upload","Dr. Gray","men","Uploadbereit","P1","submitted","local","shop.html#herren-kollektion","Unisex Tee | Heavy Tee | Premium Tee","Herren | Uploadbereit | Control",""
"mrs-dress-nightline-top","apparel-mrs-dress-nightline-top","apparel","Nightline Dress Top Upload","Mrs. Dr. Gray","women","Top Upload","P3","submitted","local","shop.html#damen-kollektion","Dress | Bodycon Dress | Club Dress","Damen | Top Upload | Dress",""
"mrs-crop-heartline-top","apparel-mrs-crop-heartline-top","apparel","Heartline Crop Top Upload","Mrs. Dr. Gray","women","Top Upload","P3","submitted","local","shop.html#damen-kollektion","Crop Top | Fitted Tee | Light Hoodie","Damen | Top Upload | Crop",""
"mrs-hoodie-signal-ready","apparel-mrs-hoodie-signal-ready","apparel","Signal Hoodie Upload","Mrs. Dr. Gray","women","Uploadbereit","P1","submitted","local","shop.html#damen-kollektion","Unisex Hoodie | Women Hoodie | Zip Hoodie","Damen | Uploadbereit | Hoodie",""
"couple-hoodie-symmetry-top","apparel-couple-hoodie-symmetry-top","apparel","Symmetry Hoodie Top Upload","Couple","couple","Top Upload","P3","submitted","local","shop.html#couple-edition","Couple Hoodie | Unisex Hoodie | Zip Hoodie","Couple | Top Upload | Symmetry",""
"couple-tee-rhythm-ready","apparel-couple-tee-rhythm-ready","apparel","One Rhythm Tee Upload","Couple","couple","Uploadbereit","P1","submitted","local","shop.html#couple-edition","Couple Tee | 2er Set | Premium Tee","Couple | Uploadbereit | Tee",""
"couple-longsleeve-vow","apparel-couple-longsleeve-vow","apparel","Beat Vow Longsleeve","Couple","couple","Geplant","P3","submitted","local","shop.html#couple-edition","Longsleeve | Heavy Longsleeve | Couple Set","Couple | Geplant | Longsleeve",""
"unisex-tee-cleanfront-top","apparel-unisex-tee-cleanfront-top","apparel","Clean Front Tee Top Upload","Unisex","unisex","Top Upload","P3","submitted","local","shop.html#unisex-drop","Unisex Tee | Premium Tee | Heavy Tee","Unisex | Top Upload | Front Clean",""
"unisex-hoodie-backprint-ready","print-unisex-hoodie-backprint-ready","print","Backprint Choice Hoodie","Unisex","unisex","Uploadbereit","P1","submitted","local","shop.html#unisex-drop","Unisex Hoodie | Zip Hoodie | Sweatshirt","Unisex | Uploadbereit | Backprint",""
"unisex-sweat-core-upload","apparel-unisex-sweat-core-upload","apparel","Core Sweat Upload","Unisex","unisex","Uploadbereit","P1","submitted","local","shop.html#unisex-drop","Sweatshirt | Crewneck | Heavy Sweat","Unisex | Uploadbereit | Core",""
"accessory-beanie-nightcore-top","accessory-accessory-beanie-nightcore-top","accessory","Nightcore Beanie Top Upload","Accessories","accessories","Top Upload","P3","submitted","local","shop.html#accessoires","Beanie | Rib Beanie | Winter Set","Accessoire | Top Upload | Beanie",""
"accessory-bottle-raveflow-ready","bundle-accessory-bottle-raveflow-ready","bundle","Raveflow Bottle Upload","Accessories","accessories","Uploadbereit","P1","submitted","local","shop.html#accessoires","Bottle | Thermo Bottle | Gift Bundle","Accessoire | Uploadbereit | Bottle",""
"accessory-keyring-duallogo","bundle-accessory-keyring-duallogo","bundle","Dual Logo Keyring","Accessories","accessories","Geplant","P3","submitted","local","shop.html#accessoires","Keyring | Metal Keychain | Mini Bundle","Accessoire | Geplant | Keyring",""
"special-fan-card-limited","bundle-special-fan-card-limited","bundle","Founders Fan Card","Special Merch","special","Special Drop","P3","submitted","local","kontakt.html","Fan Card | Collector Set | Limited Bundle","Special | Collector | Limited",""
"special-lanyard-clubpass","bundle-special-lanyard-clubpass","bundle","Clubpass Lanyard","Special Merch","special","Konzept","P3","submitted","local","kontakt.html","Lanyard | Passholder | Event Bundle","Special | Event | Limited",""
"dr-overshirt-nightline-top","apparel-dr-overshirt-nightline-top","apparel","Nightline Overshirt Top Upload","Dr. Gray","men","Top Upload","P3","submitted","local","shop.html#herren-kollektion","Overshirt | Light Jacket | Shirt Jacket","Herren | Top Upload | Layer",""
"dr-tee-druckpunkt-upload","print-dr-tee-druckpunkt-upload","print","Druckpunkt Tee Upload","Dr. Gray","men","Uploadbereit","P1","submitted","local","shop.html#herren-kollektion","Classic Tee | Heavy Tee | Premium Tee","Herren | Uploadbereit | Frontprint",""
"mrs-polo-signature-top","apparel-mrs-polo-signature-top","apparel","Signature Polo Top Upload","Mrs. Dr. Gray","women","Top Upload","P3","submitted","local","shop.html#damen-kollektion","Women Polo | Premium Polo | Longsleeve Polo","Damen | Top Upload | Polo",""
"mrs-longsleeve-louder-upload","apparel-mrs-longsleeve-louder-upload","apparel","Liebe Lauter Longsleeve Upload","Mrs. Dr. Gray","women","Uploadbereit","P1","submitted","local","shop.html#damen-kollektion","Longsleeve | Heavy Longsleeve | Fitted Tee","Damen | Uploadbereit | Longsleeve",""
"couple-tee-vow-top","apparel-couple-tee-vow-top","apparel","Vow Tee Top Upload","Couple","couple","Top Upload","P3","submitted","local","shop.html#couple-edition","Couple Tee | 2er Set | Premium Tee","Couple | Top Upload | Symmetry",""
"couple-hoodie-rhythm-upload","apparel-couple-hoodie-rhythm-upload","apparel","Rhythm Hoodie Upload","Couple","couple","Uploadbereit","P1","submitted","local","shop.html#couple-edition","Couple Hoodie | Unisex Hoodie | Zip Hoodie","Couple | Uploadbereit | Hoodie",""
"unisex-polo-core-top","apparel-unisex-polo-core-top","apparel","Core Polo Top Upload","Unisex","unisex","Top Upload","P3","submitted","local","shop.html#unisex-drop","Unisex Polo | Premium Polo | Smart Tee","Unisex | Top Upload | Polo",""
"unisex-longsleeve-clean-upload","print-unisex-longsleeve-clean-upload","print","Clean Longsleeve Upload","Unisex","unisex","Uploadbereit","P1","submitted","local","shop.html#unisex-drop","Longsleeve | Heavy Longsleeve | Layer Tee","Unisex | Uploadbereit | Backprint",""
"accessory-gymbag-core-top","accessory-accessory-gymbag-core-top","accessory","Core Gymbag Top Upload","Accessories","accessories","Top Upload","P3","submitted","local","shop.html#accessoires","Gymbag | Drawstring Bag | Daily Bag","Accessoire | Top Upload | Bag",""
"accessory-cushion-couple-upload","bundle-accessory-cushion-couple-upload","bundle","Couple Cushion Upload","Accessories","accessories","Uploadbereit","P1","submitted","local","shop.html#accessoires","Cushion | Pillow Cover | Gift Bundle","Accessoire | Uploadbereit | Home",""
"accessory-notebook-nightline","bundle-accessory-notebook-nightline","bundle","Nightline Notebook","Accessories","accessories","Geplant","P3","submitted","local","shop.html#accessoires","Notebook | Hardcover Journal | Bundle","Accessoire | Geplant | Notebook",""
"special-vip-pass-card","bundle-special-vip-pass-card","bundle","VIP Pass Card Set","Special Merch","special","Special Drop","P3","submitted","local","kontakt.html","VIP Card | Collector Set | Event Bundle","Special | Event | Limited",""
"special-metal-pin-duo","apparel-special-metal-pin-duo","apparel","Duo Metal Pin Limited","Special Merch","special","Konzept","P3","submitted","local","kontakt.html","Metal Pin | Collector Pack | Limited Drop","Special | Collector | Limited",""
"special-lighter-afterhour","bundle-special-lighter-afterhour","bundle","Afterhour Feuerzeug","Special Merch","special","Special Drop","P3","submitted","local","kontakt.html","Feuerzeug | Event Bundle | Giveaway","Special | Offline | Limited",""
"special-sunglasses-night","accessory-special-sunglasses-night","accessory","Nightdrive Sunglasses","Special Merch","special","Konzept","P3","submitted","local","kontakt.html","Sonnenbrille | Hardcase | Limited Drop","Special | Festival | Limited",""
"special-vinyl-slipmat","bundle-special-vinyl-slipmat","bundle","Dual Logo Slipmat Set","Special Merch","special","Konzept","P3","submitted","local","kontakt.html","Slipmat Pair | Booth Bundle | Collector Drop","Special | DJ Gear | Limited",""
"special-vinyl-bag","bundle-special-vinyl-bag","bundle","Nightdrive Vinyl Bag","Special Merch","special","Special Drop","P3","submitted","local","kontakt.html","Vinyl Bag | Record Carry Case | Limited Bundle","Special | Vinyl | Clubtool",""
"special-event-passband","bundle-special-event-passband","bundle","Event Passband Set","Special Merch","special","Special Drop","P3","submitted","local","kontakt.html","Wristband Set | Event Pass | Limited Bundle","Special | Event | Limited",""
"special-backstage-tag","bundle-special-backstage-tag","bundle","Backstage Metal Tag","Special Merch","special","Konzept","P3","submitted","local","kontakt.html","Metal Tag | Collector Card | VIP Bundle","Special | Collector | Limited",""